<?xml version="1.0"?>
<pagescount>
	<html_total>3</html_total>
	<html_done>3</html_done>
	<img>6</img>
	<js>13</js>
	<css>6</css>
	<pdf/>
	<doc/>
	<xls/>
	<ppt/>
	<swf/>
	<mp3/>
	<mp4/>
	<xml/>
	<json/>
	<txt/>
	<fonts>21</fonts>
	<scraping_reload>1</scraping_reload>
	<is_pretty_url>false</is_pretty_url>
	<is_ebn>false</is_ebn>
	<theme_name>360639</theme_name>
	<server_url_front_page>https://www6.waybackmachinedownloader.com/wdo/files/demo/combocloud.to_vrapa100_gmail.com_ma48ko5vrg/</server_url_front_page>
	<no_www_url>combocloud.to</no_www_url>
	<hosted_domain/>
	<original_archive_url>https://combocloud.to</original_archive_url>
	<final_archive_url>https://combocloud.to/</final_archive_url>
	<front_page_code_date/>
	<total_urls_from_api/>
	<search_url_added>false</search_url_added>
	<total_size>4524</total_size>
</pagescount>
